Workbook

Sheet Notice
A1: 🧰 CLASSEUR DE PILOTAGE — MODE D'EMPLOI
A4: Onglet | B4: Usage
A5: Tableau de bord | B5: Saisir chaque mois : accueillis, placés, en emploi à 6 mois, offres, satisfaction. Les taux se calculent seuls.
A6: Suivi candidatures | B6: Une ligne par candidature d'un bénéficiaire. Listes déroulantes pour Statut et Canal.
A7: Prospection entreprises | B7: Fichier des employeurs du territoire : besoins, statut du partenariat, relances.
A8: Placements & suivi | B8: Suivi de chaque personne placée jusqu'à 6 mois (intégration, maintien, satisfaction, risque).
A10: Indicateurs calculés | B10: Formule
A11: Taux de placement | B11: Placés / Accueillis
A12: Taux de maintien | B12: En emploi à 6 mois / Placés
A13: Taux d'offres pourvues | B13: Offres pourvues / Offres collectées
A15: Conseil | B15: Faire une revue mensuelle : lire les chiffres puis décider d'une action corrective (voir module 12 de la valise).
A17: Onglets ajoutés
A18: Portefeuille | B18: NOUVEAU — une ligne par bénéficiaire : entrée, profil, mode, placement, maintien, sortie. Source des onglets Cohortes et Équité.
A19: Cohortes | B19: NOUVEAU — taux de placement et de maintien calculés par mois d'entrée (méthode fiable pour comparer les périodes).
A20: Équité | B20: NOUVEAU — résultats par genre, public, zone, mode, âge et niveau : repère les publics désavantagés (écrémage).
A22: Attention | B22: L'onglet Tableau de bord rapporte les placés du mois aux accueillis du même mois : utile pour suivre l'activité, mais ce ne sont pas les mêmes personnes. Pour mesurer l'efficacité, utiliser Cohortes.

Sheet Tableau de bord
A1: 📊 TABLEAU DE BORD MENSUEL — PILOTAGE
A2: Saisir les cellules blanches. Les colonnes de taux se calculent automatiquement.
A4: Mois | B4: Accueillis | C4: Placés | D4: Taux placement | E4: En emploi à 6 mois | F4: Taux maintien | G4: Délai moyen (j) | H4: Offres collectées | I4: Offres pourvues | J4: Taux offres pourvues | K4: Satisfaction /10
A5: Janvier | D5: =IFERROR(C5/B5,"") | F5: =IFERROR(E5/C5,"") | J5: =IFERROR(I5/H5,"")
A6: Février | D6: =IFERROR(C6/B6,"") | F6: =IFERROR(E6/C6,"") | J6: =IFERROR(I6/H6,"")
A7: Mars | D7: =IFERROR(C7/B7,"") | F7: =IFERROR(E7/C7,"") | J7: =IFERROR(I7/H7,"")
A8: Avril | D8: =IFERROR(C8/B8,"") | F8: =IFERROR(E8/C8,"") | J8: =IFERROR(I8/H8,"")
A9: Mai | D9: =IFERROR(C9/B9,"") | F9: =IFERROR(E9/C9,"") | J9: =IFERROR(I9/H9,"")
A10: Juin | D10: =IFERROR(C10/B10,"") | F10: =IFERROR(E10/C10,"") | J10: =IFERROR(I10/H10,"")
A11: Juillet | D11: =IFERROR(C11/B11,"") | F11: =IFERROR(E11/C11,"") | J11: =IFERROR(I11/H11,"")
A12: Août | D12: =IFERROR(C12/B12,"") | F12: =IFERROR(E12/C12,"") | J12: =IFERROR(I12/H12,"")
A13: Septembre | D13: =IFERROR(C13/B13,"") | F13: =IFERROR(E13/C13,"") | J13: =IFERROR(I13/H13,"")
A14: Octobre | D14: =IFERROR(C14/B14,"") | F14: =IFERROR(E14/C14,"") | J14: =IFERROR(I14/H14,"")
A15: Novembre | D15: =IFERROR(C15/B15,"") | F15: =IFERROR(E15/C15,"") | J15: =IFERROR(I15/H15,"")
A16: Décembre | D16: =IFERROR(C16/B16,"") | F16: =IFERROR(E16/C16,"") | J16: =IFERROR(I16/H16,"")
A17: TOTAL / MOYENNE | B17: =SUM(B5:B16) | C17: =SUM(C5:C16) | D17: =IFERROR(C17/B17,"") | E17: =SUM(E5:E16) | F17: =IFERROR(E17/C17,"") | G17: =IFERROR(AVERAGE(G5:G16),"") | H17: =SUM(H5:H16) | I17: =SUM(I5:I16) | J17: =IFERROR(I17/H17,"") | K17: =IFERROR(AVERAGE(K5:K16),"")

Sheet Suivi candidatures
A1: 📝 SUIVI DES CANDIDATURES
A2: Une ligne par candidature envoyée. Utiliser les listes déroulantes (Statut, Canal).
A4: Date | B4: Bénéficiaire | C4: Poste visé | D4: Entreprise | E4: Canal | F4: Contact | G4: Statut | H4: Date relance | I4: Résultat | J4: Notes

Sheet Prospection entreprises
A1: 🏢 PROSPECTION & RELATION ENTREPRISES
A2: Fichier de suivi des employeurs du territoire et des partenariats.
A4: Entreprise | B4: Secteur | C4: Taille | D4: Contact | E4: Téléphone | F4: Email | G4: Besoin détecté | H4: Statut | I4: Dernier contact | J4: Prochaine action | K4: Date relance

Sheet Placements & suivi
A1: 🔄 PLACEMENTS & SUIVI DE L'INSERTION DURABLE
A2: Suivre chaque placement jusqu'à 6 mois pour sécuriser l'insertion.
A4: Candidat | B4: Entreprise | C4: Poste | D4: Date embauche | E4: Type contrat | F4: Suivi J+7 | G4: Suivi M1 | H4: Suivi M3 | I4: Suivi M6 | J4: Maintien 6 mois | K4: Satisf. candidat /10 | L4: Satisf. entreprise /10 | M4: Risque rupture

Sheet Portefeuille
A1: 👥 PORTEFEUILLE DES BÉNÉFICIAIRES
A2: Une ligne par personne accompagnée. Cellules grises = calcul automatique. Ces données alimentent les onglets Cohortes et Équité.
A4: N° dossier | B4: Date d'entrée | C4: Mois d'entrée (auto) | D4: Genre | E4: Tranche d'âge | F4: Public | G4: Niveau d'études | H4: Zone | I4: Mode d'accompagnement | J4: Conseiller | K4: Date de placement | L4: Délai (jours, auto) | M4: Type de contrat | N4: En emploi à 6 mois | O4: Date de sortie | P4: Motif de sortie
C5: =IF(B5="","",DATE(YEAR(B5),MONTH(B5),1)) | L5: =IF(OR(B5="",K5=""),"",K5-B5)
C6: =IF(B6="","",DATE(YEAR(B6),MONTH(B6),1)) | L6: =IF(OR(B6="",K6=""),"",K6-B6)
C7: =IF(B7="","",DATE(YEAR(B7),MONTH(B7),1)) | L7: =IF(OR(B7="",K7=""),"",K7-B7)
C8: =IF(B8="","",DATE(YEAR(B8),MONTH(B8),1)) | L8: =IF(OR(B8="",K8=""),"",K8-B8)
C9: =IF(B9="","",DATE(YEAR(B9),MONTH(B9),1)) | L9: =IF(OR(B9="",K9=""),"",K9-B9)
C10: =IF(B10="","",DATE(YEAR(B10),MONTH(B10),1)) | L10: =IF(OR(B10="",K10=""),"",K10-B10)
C11: =IF(B11="","",DATE(YEAR(B11),MONTH(B11),1)) | L11: =IF(OR(B11="",K11=""),"",K11-B11)
C12: =IF(B12="","",DATE(YEAR(B12),MONTH(B12),1)) | L12: =IF(OR(B12="",K12=""),"",K12-B12)
C13: =IF(B13="","",DATE(YEAR(B13),MONTH(B13),1)) | L13: =IF(OR(B13="",K13=""),"",K13-B13)
C14: =IF(B14="","",DATE(YEAR(B14),MONTH(B14),1)) | L14: =IF(OR(B14="",K14=""),"",K14-B14)
C15: =IF(B15="","",DATE(YEAR(B15),MONTH(B15),1)) | L15: =IF(OR(B15="",K15=""),"",K15-B15)
C16: =IF(B16="","",DATE(YEAR(B16),MONTH(B16),1)) | L16: =IF(OR(B16="",K16=""),"",K16-B16)
... C1004: =IF(B1004="","",DATE(YEAR(B1004),MONTH(B1004),1)) | L1004: =IF(OR(B1004="",K1004=""),"",K1004-B1004)

Sheet Cohortes
A1: 📈 COHORTES — RÉSULTATS PAR MOIS D'ENTRÉE
A2: Chaque ligne suit les personnes entrées le même mois : un taux n'est fiable que lorsque la cohorte est complète (colonne K). Saisir l'année en B3.
A3: Année : | B3: 2026
A4: Mois d'entrée | B4: Entrés | C4: Placés (à ce jour) | D4: Placés en ≤ 3 mois | E4: Taux à 3 mois | F4: Placés en ≤ 6 mois | G4: Taux à 6 mois | H4: En emploi à 6 mois | I4: Taux de maintien | J4: Délai moyen (j) | K4: Cohorte complète ?
A5: =DATE($B$3,1,1) | B5: =COUNTIFS(Portefeuille!$C$5:$C$1004,$A5) | C5: =COUNTIFS(Portefeuille!$C$5:$C$1004,$A5,Portefeuille!$K$5:$K$1004,"<>") | D5: =COUNTIFS(Portefeuille!$C$5:$C$1004,$A5,Portefeuille!$L$5:$L$1004,"<=90") | E5: =IFERROR(D5/B5,"") | F5: =COUNTIFS(Portefeuille!$C$5:$C$1004,$A5,Portefeuille!$L$5:$L$1004,"<=180") | G5: =IFERROR(F5/B5,"") | H5: =COUNTIFS(Portefeuille!$C$5:$C$1004,$A5,Portefeuille!$N$5:$N$1004,"Oui") | I5: =IFERROR(H5/C5,"") | J5: =IFERROR(AVERAGEIFS(Portefeuille!$L$5:$L$1004,Portefeuille!$C$5:$C$1004,$A5),"") | K5: =IF(EDATE($A5,12)<=TODAY(),"Oui","Non — en cours")
A6: =DATE($B$3,2,1) | B6: =COUNTIFS(Portefeuille!$C$5:$C$1004,$A6) | C6: =COUNTIFS(Portefeuille!$C$5:$C$1004,$A6,Portefeuille!$K$5:$K$1004,"<>") | D6: =COUNTIFS(Portefeuille!$C$5:$C$1004,$A6,Portefeuille!$L$5:$L$1004,"<=90") | E6: =IFERROR(D6/B6,"") | F6: =COUNTIFS(Portefeuille!$C$5:$C$1004,$A6,Portefeuille!$L$5:$L$1004,"<=180") | G6: =IFERROR(F6/B6,"") | H6: =COUNTIFS(Portefeuille!$C$5:$C$1004,$A6,Portefeuille!$N$5:$N$1004,"Oui") | I6: =IFERROR(H6/C6,"") | J6: =IFERROR(AVERAGEIFS(Portefeuille!$L$5:$L$1004,Portefeuille!$C$5:$C$1004,$A6),"") | K6: =IF(EDATE($A6,12)<=TODAY(),"Oui","Non — en cours")
A7: =DATE($B$3,3,1) | B7: =COUNTIFS(Portefeuille!$C$5:$C$1004,$A7) | C7: =COUNTIFS(Portefeuille!$C$5:$C$1004,$A7,Portefeuille!$K$5:$K$1004,"<>") | D7: =COUNTIFS(Portefeuille!$C$5:$C$1004,$A7,Portefeuille!$L$5:$L$1004,"<=90") | E7: =IFERROR(D7/B7,"") | F7: =COUNTIFS(Portefeuille!$C$5:$C$1004,$A7,Portefeuille!$L$5:$L$1004,"<=180") | G7: =IFERROR(F7/B7,"") | H7: =COUNTIFS(Portefeuille!$C$5:$C$1004,$A7,Portefeuille!$N$5:$N$1004,"Oui") | I7: =IFERROR(H7/C7,"") | J7: =IFERROR(AVERAGEIFS(Portefeuille!$L$5:$L$1004,Portefeuille!$C$5:$C$1004,$A7),"") | K7: =IF(EDATE($A7,12)<=TODAY(),"Oui","Non — en cours")
A8: =DATE($B$3,4,1) | B8: =COUNTIFS(Portefeuille!$C$5:$C$1004,$A8) | C8: =COUNTIFS(Portefeuille!$C$5:$C$1004,$A8,Portefeuille!$K$5:$K$1004,"<>") | D8: =COUNTIFS(Portefeuille!$C$5:$C$1004,$A8,Portefeuille!$L$5:$L$1004,"<=90") | E8: =IFERROR(D8/B8,"") | F8: =COUNTIFS(Portefeuille!$C$5:$C$1004,$A8,Portefeuille!$L$5:$L$1004,"<=180") | G8: =IFERROR(F8/B8,"") | H8: =COUNTIFS(Portefeuille!$C$5:$C$1004,$A8,Portefeuille!$N$5:$N$1004,"Oui") | I8: =IFERROR(H8/C8,"") | J8: =IFERROR(AVERAGEIFS(Portefeuille!$L$5:$L$1004,Portefeuille!$C$5:$C$1004,$A8),"") | K8: =IF(EDATE($A8,12)<=TODAY(),"Oui","Non — en cours")
A9: =DATE($B$3,5,1) | B9: =COUNTIFS(Portefeuille!$C$5:$C$1004,$A9) | C9: =COUNTIFS(Portefeuille!$C$5:$C$1004,$A9,Portefeuille!$K$5:$K$1004,"<>") | D9: =COUNTIFS(Portefeuille!$C$5:$C$1004,$A9,Portefeuille!$L$5:$L$1004,"<=90") | E9: =IFERROR(D9/B9,"") | F9: =COUNTIFS(Portefeuille!$C$5:$C$1004,$A9,Portefeuille!$L$5:$L$1004,"<=180") | G9: =IFERROR(F9/B9,"") | H9: =COUNTIFS(Portefeuille!$C$5:$C$1004,$A9,Portefeuille!$N$5:$N$1004,"Oui") | I9: =IFERROR(H9/C9,"") | J9: =IFERROR(AVERAGEIFS(Portefeuille!$L$5:$L$1004,Portefeuille!$C$5:$C$1004,$A9),"") | K9: =IF(EDATE($A9,12)<=TODAY(),"Oui","Non — en cours")
A10: =DATE($B$3,6,1) | B10: =COUNTIFS(Portefeuille!$C$5:$C$1004,$A10) | C10: =COUNTIFS(Portefeuille!$C$5:$C$1004,$A10,Portefeuille!$K$5:$K$1004,"<>") | D10: =COUNTIFS(Portefeuille!$C$5:$C$1004,$A10,Portefeuille!$L$5:$L$1004,"<=90") | E10: =IFERROR(D10/B10,"") | F10: =COUNTIFS(Portefeuille!$C$5:$C$1004,$A10,Portefeuille!$L$5:$L$1004,"<=180") | G10: =IFERROR(F10/B10,"") | H10: =COUNTIFS(Portefeuille!$C$5:$C$1004,$A10,Portefeuille!$N$5:$N$1004,"Oui") | I10: =IFERROR(H10/C10,"") | J10: =IFERROR(AVERAGEIFS(Portefeuille!$L$5:$L$1004,Portefeuille!$C$5:$C$1004,$A10),"") | K10: =IF(EDATE($A10,12)<=TODAY(),"Oui","Non — en cours")
A11: =DATE($B$3,7,1) | B11: =COUNTIFS(Portefeuille!$C$5:$C$1004,$A11) | C11: =COUNTIFS(Portefeuille!$C$5:$C$1004,$A11,Portefeuille!$K$5:$K$1004,"<>") | D11: =COUNTIFS(Portefeuille!$C$5:$C$1004,$A11,Portefeuille!$L$5:$L$1004,"<=90") | E11: =IFERROR(D11/B11,"") | F11: =COUNTIFS(Portefeuille!$C$5:$C$1004,$A11,Portefeuille!$L$5:$L$1004,"<=180") | G11: =IFERROR(F11/B11,"") | H11: =COUNTIFS(Portefeuille!$C$5:$C$1004,$A11,Portefeuille!$N$5:$N$1004,"Oui") | I11: =IFERROR(H11/C11,"") | J11: =IFERROR(AVERAGEIFS(Portefeuille!$L$5:$L$1004,Portefeuille!$C$5:$C$1004,$A11),"") | K11: =IF(EDATE($A11,12)<=TODAY(),"Oui","Non — en cours")
A12: =DATE($B$3,8,1) | B12: =COUNTIFS(Portefeuille!$C$5:$C$1004,$A12) | C12: =COUNTIFS(Portefeuille!$C$5:$C$1004,$A12,Portefeuille!$K$5:$K$1004,"<>") | D12: =COUNTIFS(Portefeuille!$C$5:$C$1004,$A12,Portefeuille!$L$5:$L$1004,"<=90") | E12: =IFERROR(D12/B12,"") | F12: =COUNTIFS(Portefeuille!$C$5:$C$1004,$A12,Portefeuille!$L$5:$L$1004,"<=180") | G12: =IFERROR(F12/B12,"") | H12: =COUNTIFS(Portefeuille!$C$5:$C$1004,$A12,Portefeuille!$N$5:$N$1004,"Oui") | I12: =IFERROR(H12/C12,"") | J12: =IFERROR(AVERAGEIFS(Portefeuille!$L$5:$L$1004,Portefeuille!$C$5:$C$1004,$A12),"") | K12: =IF(EDATE($A12,12)<=TODAY(),"Oui","Non — en cours")
A13: =DATE($B$3,9,1) | B13: =COUNTIFS(Portefeuille!$C$5:$C$1004,$A13) | C13: =COUNTIFS(Portefeuille!$C$5:$C$1004,$A13,Portefeuille!$K$5:$K$1004,"<>") | D13: =COUNTIFS(Portefeuille!$C$5:$C$1004,$A13,Portefeuille!$L$5:$L$1004,"<=90") | E13: =IFERROR(D13/B13,"") | F13: =COUNTIFS(Portefeuille!$C$5:$C$1004,$A13,Portefeuille!$L$5:$L$1004,"<=180") | G13: =IFERROR(F13/B13,"") | H13: =COUNTIFS(Portefeuille!$C$5:$C$1004,$A13,Portefeuille!$N$5:$N$1004,"Oui") | I13: =IFERROR(H13/C13,"") | J13: =IFERROR(AVERAGEIFS(Portefeuille!$L$5:$L$1004,Portefeuille!$C$5:$C$1004,$A13),"") | K13: =IF(EDATE($A13,12)<=TODAY(),"Oui","Non — en cours")
A14: =DATE($B$3,10,1) | B14: =COUNTIFS(Portefeuille!$C$5:$C$1004,$A14) | C14: =COUNTIFS(Portefeuille!$C$5:$C$1004,$A14,Portefeuille!$K$5:$K$1004,"<>") | D14: =COUNTIFS(Portefeuille!$C$5:$C$1004,$A14,Portefeuille!$L$5:$L$1004,"<=90") | E14: =IFERROR(D14/B14,"") | F14: =COUNTIFS(Portefeuille!$C$5:$C$1004,$A14,Portefeuille!$L$5:$L$1004,"<=180") | G14: =IFERROR(F14/B14,"") | H14: =COUNTIFS(Portefeuille!$C$5:$C$1004,$A14,Portefeuille!$N$5:$N$1004,"Oui") | I14: =IFERROR(H14/C14,"") | J14: =IFERROR(AVERAGEIFS(Portefeuille!$L$5:$L$1004,Portefeuille!$C$5:$C$1004,$A14),"") | K14: =IF(EDATE($A14,12)<=TODAY(),"Oui","Non — en cours")
A15: =DATE($B$3,11,1) | B15: =COUNTIFS(Portefeuille!$C$5:$C$1004,$A15) | C15: =COUNTIFS(Portefeuille!$C$5:$C$1004,$A15,Portefeuille!$K$5:$K$1004,"<>") | D15: =COUNTIFS(Portefeuille!$C$5:$C$1004,$A15,Portefeuille!$L$5:$L$1004,"<=90") | E15: =IFERROR(D15/B15,"") | F15: =COUNTIFS(Portefeuille!$C$5:$C$1004,$A15,Portefeuille!$L$5:$L$1004,"<=180") | G15: =IFERROR(F15/B15,"") | H15: =COUNTIFS(Portefeuille!$C$5:$C$1004,$A15,Portefeuille!$N$5:$N$1004,"Oui") | I15: =IFERROR(H15/C15,"") | J15: =IFERROR(AVERAGEIFS(Portefeuille!$L$5:$L$1004,Portefeuille!$C$5:$C$1004,$A15),"") | K15: =IF(EDATE($A15,12)<=TODAY(),"Oui","Non — en cours")
A16: =DATE($B$3,12,1) | B16: =COUNTIFS(Portefeuille!$C$5:$C$1004,$A16) | C16: =COUNTIFS(Portefeuille!$C$5:$C$1004,$A16,Portefeuille!$K$5:$K$1004,"<>") | D16: =COUNTIFS(Portefeuille!$C$5:$C$1004,$A16,Portefeuille!$L$5:$L$1004,"<=90") | E16: =IFERROR(D16/B16,"") | F16: =COUNTIFS(Portefeuille!$C$5:$C$1004,$A16,Portefeuille!$L$5:$L$1004,"<=180") | G16: =IFERROR(F16/B16,"") | H16: =COUNTIFS(Portefeuille!$C$5:$C$1004,$A16,Portefeuille!$N$5:$N$1004,"Oui") | I16: =IFERROR(H16/C16,"") | J16: =IFERROR(AVERAGEIFS(Portefeuille!$L$5:$L$1004,Portefeuille!$C$5:$C$1004,$A16),"") | K16: =IF(EDATE($A16,12)<=TODAY(),"Oui","Non — en cours")
A17: TOTAL ANNÉE | B17: =SUM(B5:B16) | C17: =SUM(C5:C16) | D17: =SUM(D5:D16) | E17: =IFERROR(D17/B17,"") | F17: =SUM(F5:F16) | G17: =IFERROR(F17/B17,"") | H17: =SUM(H5:H16) | I17: =IFERROR(H17/C17,"") | J17: =IFERROR(AVERAGEIFS(Portefeuille!$L$5:$L$1004,Portefeuille!$C$5:$C$1004,">="&A5,Portefeuille!$C$5:$C$1004,"<="&A16),"")
A19: Lecture : « Taux à 6 mois » = part des personnes entrées ce mois-là qui ont trouvé un emploi en 6 mois ou moins. Comparer les mois entre eux, pas avec le mois en cours.

Sheet Équité
A1: ⚖️ ÉQUITÉ — RÉSULTATS PAR PUBLIC, GENRE, ZONE ET MODE
A2: Repérer les publics qui ont moins accès aux résultats (écart négatif en rouge) : risque d'écrémage. Calcul automatique à partir de l'onglet Portefeuille.
A3: Ensemble | C3: =COUNT(Portefeuille!$B$5:$B$1004) | E3: =COUNTIFS(Portefeuille!$B$5:$B$1004,"<>",Portefeuille!$K$5:$K$1004,"<>") | F3: =IFERROR(E3/C3,"") | H3: =COUNTIFS(Portefeuille!$B$5:$B$1004,"<>",Portefeuille!$N$5:$N$1004,"Oui") | I3: =IFERROR(H3/E3,"")
A4: Axe | B4: Segment | C4: Accompagnés | D4: Part du total | E4: Placés | F4: Taux de placement | G4: Écart vs moyenne (pts) | H4: En emploi à 6 mois | I4: Taux de maintien
A5: Genre | B5: F | C5: =COUNTIFS(Portefeuille!$D$5:$D$1004,$B5) | D5: =IFERROR(C5/$C$3,"") | E5: =COUNTIFS(Portefeuille!$D$5:$D$1004,$B5,Portefeuille!$K$5:$K$1004,"<>") | F5: =IFERROR(E5/C5,"") | G5: =IFERROR((F5-$F$3)*100,"") | H5: =COUNTIFS(Portefeuille!$D$5:$D$1004,$B5,Portefeuille!$N$5:$N$1004,"Oui") | I5: =IFERROR(H5/E5,"")
A6: Genre | B6: H | C6: =COUNTIFS(Portefeuille!$D$5:$D$1004,$B6) | D6: =IFERROR(C6/$C$3,"") | E6: =COUNTIFS(Portefeuille!$D$5:$D$1004,$B6,Portefeuille!$K$5:$K$1004,"<>") | F6: =IFERROR(E6/C6,"") | G6: =IFERROR((F6-$F$3)*100,"") | H6: =COUNTIFS(Portefeuille!$D$5:$D$1004,$B6,Portefeuille!$N$5:$N$1004,"Oui") | I6: =IFERROR(H6/E6,"")
A8: Public | B8: Jeune diplômé | C8: =COUNTIFS(Portefeuille!$F$5:$F$1004,$B8) | D8: =IFERROR(C8/$C$3,"") | E8: =COUNTIFS(Portefeuille!$F$5:$F$1004,$B8,Portefeuille!$K$5:$K$1004,"<>") | F8: =IFERROR(E8/C8,"") | G8: =IFERROR((F8-$F$3)*100,"") | H8: =COUNTIFS(Portefeuille!$F$5:$F$1004,$B8,Portefeuille!$N$5:$N$1004,"Oui") | I8: =IFERROR(H8/E8,"")
A9: Public | B9: Femme en reprise | C9: =COUNTIFS(Portefeuille!$F$5:$F$1004,$B9) | D9: =IFERROR(C9/$C$3,"") | E9: =COUNTIFS(Portefeuille!$F$5:$F$1004,$B9,Portefeuille!$K$5:$K$1004,"<>") | F9: =IFERROR(E9/C9,"") | G9: =IFERROR((F9-$F$3)*100,"") | H9: =COUNTIFS(Portefeuille!$F$5:$F$1004,$B9,Portefeuille!$N$5:$N$1004,"Oui") | I9: =IFERROR(H9/E9,"")
A10: Public | B10: Cadre | C10: =COUNTIFS(Portefeuille!$F$5:$F$1004,$B10) | D10: =IFERROR(C10/$C$3,"") | E10: =COUNTIFS(Portefeuille!$F$5:$F$1004,$B10,Portefeuille!$K$5:$K$1004,"<>") | F10: =IFERROR(E10/C10,"") | G10: =IFERROR((F10-$F$3)*100,"") | H10: =COUNTIFS(Portefeuille!$F$5:$F$1004,$B10,Portefeuille!$N$5:$N$1004,"Oui") | I10: =IFERROR(H10/E10,"")
A11: Public | B11: Longue durée | C11: =COUNTIFS(Portefeuille!$F$5:$F$1004,$B11) | D11: =IFERROR(C11/$C$3,"") | E11: =COUNTIFS(Portefeuille!$F$5:$F$1004,$B11,Portefeuille!$K$5:$K$1004,"<>") | F11: =IFERROR(E11/C11,"") | G11: =IFERROR((F11-$F$3)*100,"") | H11: =COUNTIFS(Portefeuille!$F$5:$F$1004,$B11,Portefeuille!$N$5:$N$1004,"Oui") | I11: =IFERROR(H11/E11,"")
A12: Public | B12: Handicap | C12: =COUNTIFS(Portefeuille!$F$5:$F$1004,$B12) | D12: =IFERROR(C12/$C$3,"") | E12: =COUNTIFS(Portefeuille!$F$5:$F$1004,$B12,Portefeuille!$K$5:$K$1004,"<>") | F12: =IFERROR(E12/C12,"") | G12: =IFERROR((F12-$F$3)*100,"") | H12: =COUNTIFS(Portefeuille!$F$5:$F$1004,$B12,Portefeuille!$N$5:$N$1004,"Oui") | I12: =IFERROR(H12/E12,"")
A13: Public | B13: Senior | C13: =COUNTIFS(Portefeuille!$F$5:$F$1004,$B13) | D13: =IFERROR(C13/$C$3,"") | E13: =COUNTIFS(Portefeuille!$F$5:$F$1004,$B13,Portefeuille!$K$5:$K$1004,"<>") | F13: =IFERROR(E13/C13,"") | G13: =IFERROR((F13-$F$3)*100,"") | H13: =COUNTIFS(Portefeuille!$F$5:$F$1004,$B13,Portefeuille!$N$5:$N$1004,"Oui") | I13: =IFERROR(H13/E13,"")
A14: Public | B14: Aide sociale | C14: =COUNTIFS(Portefeuille!$F$5:$F$1004,$B14) | D14: =IFERROR(C14/$C$3,"") | E14: =COUNTIFS(Portefeuille!$F$5:$F$1004,$B14,Portefeuille!$K$5:$K$1004,"<>") | F14: =IFERROR(E14/C14,"") | G14: =IFERROR((F14-$F$3)*100,"") | H14: =COUNTIFS(Portefeuille!$F$5:$F$1004,$B14,Portefeuille!$N$5:$N$1004,"Oui") | I14: =IFERROR(H14/E14,"")
A15: Public | B15: Migrant | C15: =COUNTIFS(Portefeuille!$F$5:$F$1004,$B15) | D15: =IFERROR(C15/$C$3,"") | E15: =COUNTIFS(Portefeuille!$F$5:$F$1004,$B15,Portefeuille!$K$5:$K$1004,"<>") | F15: =IFERROR(E15/C15,"") | G15: =IFERROR((F15-$F$3)*100,"") | H15: =COUNTIFS(Portefeuille!$F$5:$F$1004,$B15,Portefeuille!$N$5:$N$1004,"Oui") | I15: =IFERROR(H15/E15,"")
A16: Public | B16: Étudiant | C16: =COUNTIFS(Portefeuille!$F$5:$F$1004,$B16) | D16: =IFERROR(C16/$C$3,"") | E16: =COUNTIFS(Portefeuille!$F$5:$F$1004,$B16,Portefeuille!$K$5:$K$1004,"<>") | F16: =IFERROR(E16/C16,"") | G16: =IFERROR((F16-$F$3)*100,"") | H16: =COUNTIFS(Portefeuille!$F$5:$F$1004,$B16,Portefeuille!$N$5:$N$1004,"Oui") | I16: =IFERROR(H16/E16,"")
A17: Public | B17: Jeune sans diplôme / NEET | C17: =COUNTIFS(Portefeuille!$F$5:$F$1004,$B17) | D17: =IFERROR(C17/$C$3,"") | E17: =COUNTIFS(Portefeuille!$F$5:$F$1004,$B17,Portefeuille!$K$5:$K$1004,"<>") | F17: =IFERROR(E17/C17,"") | G17: =IFERROR((F17-$F$3)*100,"") | H17: =COUNTIFS(Portefeuille!$F$5:$F$1004,$B17,Portefeuille!$N$5:$N$1004,"Oui") | I17: =IFERROR(H17/E17,"")
A18: Public | B18: Femme éloignée | C18: =COUNTIFS(Portefeuille!$F$5:$F$1004,$B18) | D18: =IFERROR(C18/$C$3,"") | E18: =COUNTIFS(Portefeuille!$F$5:$F$1004,$B18,Portefeuille!$K$5:$K$1004,"<>") | F18: =IFERROR(E18/C18,"") | G18: =IFERROR((F18-$F$3)*100,"") | H18: =COUNTIFS(Portefeuille!$F$5:$F$1004,$B18,Portefeuille!$N$5:$N$1004,"Oui") | I18: =IFERROR(H18/E18,"")
A19: Public | B19: Milieu rural | C19: =COUNTIFS(Portefeuille!$F$5:$F$1004,$B19) | D19: =IFERROR(C19/$C$3,"") | E19: =COUNTIFS(Portefeuille!$F$5:$F$1004,$B19,Portefeuille!$K$5:$K$1004,"<>") | F19: =IFERROR(E19/C19,"") | G19: =IFERROR((F19-$F$3)*100,"") | H19: =COUNTIFS(Portefeuille!$F$5:$F$1004,$B19,Portefeuille!$N$5:$N$1004,"Oui") | I19: =IFERROR(H19/E19,"")
... A22: Public | B22: International | C22: =COUNTIFS(Portefeuille!$F$5:$F$1004,$B22) | D22: =IFERROR(C22/$C$3,"") | E22: =COUNTIFS(Portefeuille!$F$5:$F$1004,$B22,Portefeuille!$K$5:$K$1004,"<>") | F22: =IFERROR(E22/C22,"") | G22: =IFERROR((F22-$F$3)*100,"") | H22: =COUNTIFS(Portefeuille!$F$5:$F$1004,$B22,Portefeuille!$N$5:$N$1004,"Oui") | I22: =IFERROR(H22/E22,"")
A24: Zone | B24: Urbaine | C24: =COUNTIFS(Portefeuille!$H$5:$H$1004,$B24) | D24: =IFERROR(C24/$C$3,"") | E24: =COUNTIFS(Portefeuille!$H$5:$H$1004,$B24,Portefeuille!$K$5:$K$1004,"<>") | F24: =IFERROR(E24/C24,"") | G24: =IFERROR((F24-$F$3)*100,"") | H24: =COUNTIFS(Portefeuille!$H$5:$H$1004,$B24,Portefeuille!$N$5:$N$1004,"Oui") | I24: =IFERROR(H24/E24,"")
A25: Zone | B25: Périurbaine | C25: =COUNTIFS(Portefeuille!$H$5:$H$1004,$B25) | D25: =IFERROR(C25/$C$3,"") | E25: =COUNTIFS(Portefeuille!$H$5:$H$1004,$B25,Portefeuille!$K$5:$K$1004,"<>") | F25: =IFERROR(E25/C25,"") | G25: =IFERROR((F25-$F$3)*100,"") | H25: =COUNTIFS(Portefeuille!$H$5:$H$1004,$B25,Portefeuille!$N$5:$N$1004,"Oui") | I25: =IFERROR(H25/E25,"")
A26: Zone | B26: Rurale | C26: =COUNTIFS(Portefeuille!$H$5:$H$1004,$B26) | D26: =IFERROR(C26/$C$3,"") | E26: =COUNTIFS(Portefeuille!$H$5:$H$1004,$B26,Portefeuille!$K$5:$K$1004,"<>") | F26: =IFERROR(E26/C26,"") | G26: =IFERROR((F26-$F$3)*100,"") | H26: =COUNTIFS(Portefeuille!$H$5:$H$1004,$B26,Portefeuille!$N$5:$N$1004,"Oui") | I26: =IFERROR(H26/E26,"")
A28: Mode | B28: Autonome | C28: =COUNTIFS(Portefeuille!$I$5:$I$1004,$B28) | D28: =IFERROR(C28/$C$3,"") | E28: =COUNTIFS(Portefeuille!$I$5:$I$1004,$B28,Portefeuille!$K$5:$K$1004,"<>") | F28: =IFERROR(E28/C28,"") | G28: =IFERROR((F28-$F$3)*100,"") | H28: =COUNTIFS(Portefeuille!$I$5:$I$1004,$B28,Portefeuille!$N$5:$N$1004,"Oui") | I28: =IFERROR(H28/E28,"")
A29: Mode | B29: Guidé | C29: =COUNTIFS(Portefeuille!$I$5:$I$1004,$B29) | D29: =IFERROR(C29/$C$3,"") | E29: =COUNTIFS(Portefeuille!$I$5:$I$1004,$B29,Portefeuille!$K$5:$K$1004,"<>") | F29: =IFERROR(E29/C29,"") | G29: =IFERROR((F29-$F$3)*100,"") | H29: =COUNTIFS(Portefeuille!$I$5:$I$1004,$B29,Portefeuille!$N$5:$N$1004,"Oui") | I29: =IFERROR(H29/E29,"")
A30: Mode | B30: Renforcé | C30: =COUNTIFS(Portefeuille!$I$5:$I$1004,$B30) | D30: =IFERROR(C30/$C$3,"") | E30: =COUNTIFS(Portefeuille!$I$5:$I$1004,$B30,Portefeuille!$K$5:$K$1004,"<>") | F30: =IFERROR(E30/C30,"") | G30: =IFERROR((F30-$F$3)*100,"") | H30: =COUNTIFS(Portefeuille!$I$5:$I$1004,$B30,Portefeuille!$N$5:$N$1004,"Oui") | I30: =IFERROR(H30/E30,"")
A31: Mode | B31: Global | C31: =COUNTIFS(Portefeuille!$I$5:$I$1004,$B31) | D31: =IFERROR(C31/$C$3,"") | E31: =COUNTIFS(Portefeuille!$I$5:$I$1004,$B31,Portefeuille!$K$5:$K$1004,"<>") | F31: =IFERROR(E31/C31,"") | G31: =IFERROR((F31-$F$3)*100,"") | H31: =COUNTIFS(Portefeuille!$I$5:$I$1004,$B31,Portefeuille!$N$5:$N$1004,"Oui") | I31: =IFERROR(H31/E31,"")
A32: Mode | B32: Auto-emploi | C32: =COUNTIFS(Portefeuille!$I$5:$I$1004,$B32) | D32: =IFERROR(C32/$C$3,"") | E32: =COUNTIFS(Portefeuille!$I$5:$I$1004,$B32,Portefeuille!$K$5:$K$1004,"<>") | F32: =IFERROR(E32/C32,"") | G32: =IFERROR((F32-$F$3)*100,"") | H32: =COUNTIFS(Portefeuille!$I$5:$I$1004,$B32,Portefeuille!$N$5:$N$1004,"Oui") | I32: =IFERROR(H32/E32,"")
A34: Tranche d'âge | B34: < 25 ans | C34: =COUNTIFS(Portefeuille!$E$5:$E$1004,$B34) | D34: =IFERROR(C34/$C$3,"") | E34: =COUNTIFS(Portefeuille!$E$5:$E$1004,$B34,Portefeuille!$K$5:$K$1004,"<>") | F34: =IFERROR(E34/C34,"") | G34: =IFERROR((F34-$F$3)*100,"") | H34: =COUNTIFS(Portefeuille!$E$5:$E$1004,$B34,Portefeuille!$N$5:$N$1004,"Oui") | I34: =IFERROR(H34/E34,"")
A35: Tranche d'âge | B35: 25–34 | C35: =COUNTIFS(Portefeuille!$E$5:$E$1004,$B35) | D35: =IFERROR(C35/$C$3,"") | E35: =COUNTIFS(Portefeuille!$E$5:$E$1004,$B35,Portefeuille!$K$5:$K$1004,"<>") | F35: =IFERROR(E35/C35,"") | G35: =IFERROR((F35-$F$3)*100,"") | H35: =COUNTIFS(Portefeuille!$E$5:$E$1004,$B35,Portefeuille!$N$5:$N$1004,"Oui") | I35: =IFERROR(H35/E35,"")
A36: Tranche d'âge | B36: 35–44 | C36: =COUNTIFS(Portefeuille!$E$5:$E$1004,$B36) | D36: =IFERROR(C36/$C$3,"") | E36: =COUNTIFS(Portefeuille!$E$5:$E$1004,$B36,Portefeuille!$K$5:$K$1004,"<>") | F36: =IFERROR(E36/C36,"") | G36: =IFERROR((F36-$F$3)*100,"") | H36: =COUNTIFS(Portefeuille!$E$5:$E$1004,$B36,Portefeuille!$N$5:$N$1004,"Oui") | I36: =IFERROR(H36/E36,"")
A37: Tranche d'âge | B37: 45–54 | C37: =COUNTIFS(Portefeuille!$E$5:$E$1004,$B37) | D37: =IFERROR(C37/$C$3,"") | E37: =COUNTIFS(Portefeuille!$E$5:$E$1004,$B37,Portefeuille!$K$5:$K$1004,"<>") | F37: =IFERROR(E37/C37,"") | G37: =IFERROR((F37-$F$3)*100,"") | H37: =COUNTIFS(Portefeuille!$E$5:$E$1004,$B37,Portefeuille!$N$5:$N$1004,"Oui") | I37: =IFERROR(H37/E37,"")
A38: Tranche d'âge | B38: 55 et + | C38: =COUNTIFS(Portefeuille!$E$5:$E$1004,$B38) | D38: =IFERROR(C38/$C$3,"") | E38: =COUNTIFS(Portefeuille!$E$5:$E$1004,$B38,Portefeuille!$K$5:$K$1004,"<>") | F38: =IFERROR(E38/C38,"") | G38: =IFERROR((F38-$F$3)*100,"") | H38: =COUNTIFS(Portefeuille!$E$5:$E$1004,$B38,Portefeuille!$N$5:$N$1004,"Oui") | I38: =IFERROR(H38/E38,"")
A40: Niveau | B40: Sans diplôme | C40: =COUNTIFS(Portefeuille!$G$5:$G$1004,$B40) | D40: =IFERROR(C40/$C$3,"") | E40: =COUNTIFS(Portefeuille!$G$5:$G$1004,$B40,Portefeuille!$K$5:$K$1004,"<>") | F40: =IFERROR(E40/C40,"") | G40: =IFERROR((F40-$F$3)*100,"") | H40: =COUNTIFS(Portefeuille!$G$5:$G$1004,$B40,Portefeuille!$N$5:$N$1004,"Oui") | I40: =IFERROR(H40/E40,"")
A41: Niveau | B41: Primaire/collège | C41: =COUNTIFS(Portefeuille!$G$5:$G$1004,$B41) | D41: =IFERROR(C41/$C$3,"") | E41: =COUNTIFS(Portefeuille!$G$5:$G$1004,$B41,Portefeuille!$K$5:$K$1004,"<>") | F41: =IFERROR(E41/C41,"") | G41: =IFERROR((F41-$F$3)*100,"") | H41: =COUNTIFS(Portefeuille!$G$5:$G$1004,$B41,Portefeuille!$N$5:$N$1004,"Oui") | I41: =IFERROR(H41/E41,"")
A42: Niveau | B42: Bac | C42: =COUNTIFS(Portefeuille!$G$5:$G$1004,$B42) | D42: =IFERROR(C42/$C$3,"") | E42: =COUNTIFS(Portefeuille!$G$5:$G$1004,$B42,Portefeuille!$K$5:$K$1004,"<>") | F42: =IFERROR(E42/C42,"") | G42: =IFERROR((F42-$F$3)*100,"") | H42: =COUNTIFS(Portefeuille!$G$5:$G$1004,$B42,Portefeuille!$N$5:$N$1004,"Oui") | I42: =IFERROR(H42/E42,"")
A43: Niveau | B43: Formation pro | C43: =COUNTIFS(Portefeuille!$G$5:$G$1004,$B43) | D43: =IFERROR(C43/$C$3,"") | E43: =COUNTIFS(Portefeuille!$G$5:$G$1004,$B43,Portefeuille!$K$5:$K$1004,"<>") | F43: =IFERROR(E43/C43,"") | G43: =IFERROR((F43-$F$3)*100,"") | H43: =COUNTIFS(Portefeuille!$G$5:$G$1004,$B43,Portefeuille!$N$5:$N$1004,"Oui") | I43: =IFERROR(H43/E43,"")
A44: Niveau | B44: Bac+2/3 | C44: =COUNTIFS(Portefeuille!$G$5:$G$1004,$B44) | D44: =IFERROR(C44/$C$3,"") | E44: =COUNTIFS(Portefeuille!$G$5:$G$1004,$B44,Portefeuille!$K$5:$K$1004,"<>") | F44: =IFERROR(E44/C44,"") | G44: =IFERROR((F44-$F$3)*100,"") | H44: =COUNTIFS(Portefeuille!$G$5:$G$1004,$B44,Portefeuille!$N$5:$N$1004,"Oui") | I44: =IFERROR(H44/E44,"")
A45: Niveau | B45: Bac+5 et + | C45: =COUNTIFS(Portefeuille!$G$5:$G$1004,$B45) | D45: =IFERROR(C45/$C$3,"") | E45: =COUNTIFS(Portefeuille!$G$5:$G$1004,$B45,Portefeuille!$K$5:$K$1004,"<>") | F45: =IFERROR(E45/C45,"") | G45: =IFERROR((F45-$F$3)*100,"") | H45: =COUNTIFS(Portefeuille!$G$5:$G$1004,$B45,Portefeuille!$N$5:$N$1004,"Oui") | I45: =IFERROR(H45/E45,"")
